Model,Accuracy
Logistic Regression,0.9111111111111111
KNN (k=5),0.9111111111111111
Decision Tree,0.9333333333333333
